<?xml version="1.0" encoding="utf-8"?>
<extension type="plugin" client="site" group="editors-xtd" method="upgrade">
	<name>PLG_EDITORS-XTD_PAGEBREAKGHSVS</name>
	<author>G@HService Berlin Neukölln, Volkmar Volli Schlothauer</author>
	<creationDate>2019-07-20</creationDate>
	<copyright>(C) 2019, G@HService Berlin Neukölln, Volkmar Volli Schlothauer (ghsvs.de)</copyright>
	<license>GNU General Public License version 3 or later; see LICENSE.txt.</license>
	<authorUrl>https://ghsvs.de</authorUrl>
	<version>2023.11.12</version>
	<description>PLG_EDITORS-XTD_PAGEBREAKGHSVS_XML_DESC</description>

	<updateservers>
		<server type="extension" priority="1" name="PLG_EDITORS-XTD_PAGEBREAKGHSVS">https://raw.githubusercontent.com/GHSVS-de/upadateservers/master/plg_editors-xtd_pagebreakghsvs-update.xml</server>
	</updateservers>

	<infourl>https://github.com/GHSVS-de/plg_editors-xtd_pagebreakghsvs/releases/tag/2023.11.12</infourl>

	<scriptfile>installerScript.php</scriptfile>
	<minimumPhp>7.4.2</minimumPhp>
	<maximumPhp>8.99999.99999</maximumPhp>
	<minimumJoomla>3.9.10</minimumJoomla>
	<maximumJoomla>5.9999.9999</maximumJoomla>
	<allowDowngrades>1</allowDowngrades>

	<files>
		<filename plugin="pagebreakghsvs">pagebreakghsvs.php</filename>
		<folder>language</folder>
		<filename>installerScript.php</filename>
		<filename>LICENSE.txt</filename>
	</files>

	<media destination="plg_editors-xtd_pagebreakghsvs" folder="media">
		<folder>html</folder>
		<folder>js</folder>
	</media>

	<config />

</extension>
